{
    "rmse": 0.24433888871261045,
    "mae": 0.029850746268656716,
    "r2": 0.9139370584457289
}